"epoch","RMSprop_cifar10 - _step","RMSprop_cifar10 - _step__MIN","RMSprop_cifar10 - _step__MAX","RMSprop_cifar10 - train_loss_epoch","RMSprop_cifar10 - train_loss_epoch__MIN","RMSprop_cifar10 - train_loss_epoch__MAX","RMSprop+Nesterov_cifar10 - _step","RMSprop+Nesterov_cifar10 - _step__MIN","RMSprop+Nesterov_cifar10 - _step__MAX","RMSprop+Nesterov_cifar10 - train_loss_epoch","RMSprop+Nesterov_cifar10 - train_loss_epoch__MIN","RMSprop+Nesterov_cifar10 - train_loss_epoch__MAX","Adam_cifar10 - _step","Adam_cifar10 - _step__MIN","Adam_cifar10 - _step__MAX","Adam_cifar10 - train_loss_epoch","Adam_cifar10 - train_loss_epoch__MIN","Adam_cifar10 - train_loss_epoch__MAX","Adagrad_cifar10 - _step","Adagrad_cifar10 - _step__MIN","Adagrad_cifar10 - _step__MAX","Adagrad_cifar10 - train_loss_epoch","Adagrad_cifar10 - train_loss_epoch__MIN","Adagrad_cifar10 - train_loss_epoch__MAX","Adadelta_cifar10 - _step","Adadelta_cifar10 - _step__MIN","Adadelta_cifar10 - _step__MAX","Adadelta_cifar10 - train_loss_epoch","Adadelta_cifar10 - train_loss_epoch__MIN","Adadelta_cifar10 - train_loss_epoch__MAX"
"1","7","7","7","2.663809299468994","2.663809299468994","2.663809299468994","7","7","7","22.198827743530273","22.198827743530273","22.198827743530273","7","7","7","2.1991405487060547","2.1991405487060547","2.1991405487060547","7","7","7","1.9613687992095947","1.9613687992095947","1.9613687992095947","7","7","7","2.2682502269744873","2.2682502269744873","2.2682502269744873"
"2","16","16","16","1.774573564529419","1.774573564529419","1.774573564529419","16","16","16","2.342799186706543","2.342799186706543","2.342799186706543","16","16","16","1.8277298212051392","1.8277298212051392","1.8277298212051392","16","16","16","1.8232250213623047","1.8232250213623047","1.8232250213623047","16","16","16","2.2147254943847656","2.2147254943847656","2.2147254943847656"
"3","25","25","25","1.6886069774627686","1.6886069774627686","1.6886069774627686","25","25","25","2.457428216934204","2.457428216934204","2.457428216934204","25","25","25","1.8062225580215454","1.8062225580215454","1.8062225580215454","25","25","25","1.7723029851913452","1.7723029851913452","1.7723029851913452","25","25","25","2.1732192039489746","2.1732192039489746","2.1732192039489746"
"4","34","34","34","1.6360650062561035","1.6360650062561035","1.6360650062561035","34","34","34","4.340732097625732","4.340732097625732","4.340732097625732","34","34","34","1.7981327772140503","1.7981327772140503","1.7981327772140503","34","34","34","1.737732172012329","1.737732172012329","1.737732172012329","34","34","34","2.138775110244751","2.138775110244751","2.138775110244751"
"5","43","43","43","1.5934871435165405","1.5934871435165405","1.5934871435165405","43","43","43","8.442455291748047","8.442455291748047","8.442455291748047","43","43","43","1.79184889793396","1.79184889793396","1.79184889793396","43","43","43","1.7100664377212524","1.7100664377212524","1.7100664377212524","43","43","43","2.109074831008911","2.109074831008911","2.109074831008911"
"6","51","51","51","1.552362084388733","1.552362084388733","1.552362084388733","51","51","51","4.612366676330566","4.612366676330566","4.612366676330566","51","51","51","1.7927682399749756","1.7927682399749756","1.7927682399749756","51","51","51","1.6874545812606812","1.6874545812606812","1.6874545812606812","51","51","51","2.0837512016296387","2.0837512016296387","2.0837512016296387"
"7","60","60","60","1.5283856391906738","1.5283856391906738","1.5283856391906738","60","60","60","3.479487180709839","3.479487180709839","3.479487180709839","60","60","60","1.783586859703064","1.783586859703064","1.783586859703064","60","60","60","1.6682920455932617","1.6682920455932617","1.6682920455932617","60","60","60","2.0616259574890137","2.0616259574890137","2.0616259574890137"
"8","69","69","69","1.5013208389282227","1.5013208389282227","1.5013208389282227","69","69","69","2.525407075881958","2.525407075881958","2.525407075881958","69","69","69","1.7729512453079224","1.7729512453079224","1.7729512453079224","69","69","69","1.6513636112213135","1.6513636112213135","1.6513636112213135","69","69","69","2.042273998260498","2.042273998260498","2.042273998260498"
"9","78","78","78","1.482529878616333","1.482529878616333","1.482529878616333","78","78","78","3.373847246170044","3.373847246170044","3.373847246170044","78","78","78","1.7830920219421387","1.7830920219421387","1.7830920219421387","78","78","78","1.6369167566299438","1.6369167566299438","1.6369167566299438","78","78","78","2.0251760482788086","2.0251760482788086","2.0251760482788086"
"10","87","87","87","1.4630053043365479","1.4630053043365479","1.4630053043365479","87","87","87","2.8075356483459473","2.8075356483459473","2.8075356483459473","87","87","87","1.7647901773452759","1.7647901773452759","1.7647901773452759","87","87","87","1.6238614320755005","1.6238614320755005","1.6238614320755005","87","87","87","2.009889841079712","2.009889841079712","2.009889841079712"
"11","96","96","96","1.4441152811050415","1.4441152811050415","1.4441152811050415","96","96","96","3.1267831325531006","3.1267831325531006","3.1267831325531006","96","96","96","1.7667125463485718","1.7667125463485718","1.7667125463485718","96","96","96","1.612349271774292","1.612349271774292","1.612349271774292","96","96","96","1.9962964057922363","1.9962964057922363","1.9962964057922363"
"12","104","104","104","1.4302064180374146","1.4302064180374146","1.4302064180374146","104","104","104","2.8562541007995605","2.8562541007995605","2.8562541007995605","104","104","104","1.7649376392364502","1.7649376392364502","1.7649376392364502","104","104","104","1.6017661094665527","1.6017661094665527","1.6017661094665527","104","104","104","1.9838811159133911","1.9838811159133911","1.9838811159133911"
"13","113","113","113","1.4139944314956665","1.4139944314956665","1.4139944314956665","113","113","113","2.616227865219116","2.616227865219116","2.616227865219116","113","113","113","1.7525279521942139","1.7525279521942139","1.7525279521942139","113","113","113","1.592455506324768","1.592455506324768","1.592455506324768","113","113","113","1.972593069076538","1.972593069076538","1.972593069076538"
"14","122","122","122","1.403471827507019","1.403471827507019","1.403471827507019","122","122","122","2.777355670928955","2.777355670928955","2.777355670928955","122","122","122","1.7554850578308105","1.7554850578308105","1.7554850578308105","122","122","122","1.5833770036697388","1.5833770036697388","1.5833770036697388","122","122","122","1.9623117446899414","1.9623117446899414","1.9623117446899414"
"15","131","131","131","1.3861898183822632","1.3861898183822632","1.3861898183822632","131","131","131","2.7699344158172607","2.7699344158172607","2.7699344158172607","131","131","131","1.7422070503234863","1.7422070503234863","1.7422070503234863","131","131","131","1.5749489068984985","1.5749489068984985","1.5749489068984985","131","131","131","1.9527374505996704","1.9527374505996704","1.9527374505996704"
"16","140","140","140","1.3730967044830322","1.3730967044830322","1.3730967044830322","140","140","140","2.99261474609375","2.99261474609375","2.99261474609375","140","140","140","1.7503211498260498","1.7503211498260498","1.7503211498260498","140","140","140","1.5675121545791626","1.5675121545791626","1.5675121545791626","140","140","140","1.9439184665679932","1.9439184665679932","1.9439184665679932"
"17","148","148","148","1.361452341079712","1.361452341079712","1.361452341079712","148","148","148","2.5452914237976074","2.5452914237976074","2.5452914237976074","148","148","148","1.7466497421264648","1.7466497421264648","1.7466497421264648","148","148","148","1.5605188608169556","1.5605188608169556","1.5605188608169556","148","148","148","1.9356002807617188","1.9356002807617188","1.9356002807617188"
"18","157","157","157","1.351621389389038","1.351621389389038","1.351621389389038","157","157","157","2.414994716644287","2.414994716644287","2.414994716644287","157","157","157","1.7391248941421509","1.7391248941421509","1.7391248941421509","157","157","157","1.5536936521530151","1.5536936521530151","1.5536936521530151","157","157","157","1.9277925491333008","1.9277925491333008","1.9277925491333008"
"19","166","166","166","1.34116530418396","1.34116530418396","1.34116530418396","166","166","166","2.8468103408813477","2.8468103408813477","2.8468103408813477","166","166","166","1.7374351024627686","1.7374351024627686","1.7374351024627686","166","166","166","1.5470913648605347","1.5470913648605347","1.5470913648605347","166","166","166","1.920614242553711","1.920614242553711","1.920614242553711"
"20","175","175","175","1.3304187059402466","1.3304187059402466","1.3304187059402466","175","175","175","2.80485463142395","2.80485463142395","2.80485463142395","175","175","175","1.7363156080245972","1.7363156080245972","1.7363156080245972","175","175","175","1.5412815809249878","1.5412815809249878","1.5412815809249878","175","175","175","1.9139829874038696","1.9139829874038696","1.9139829874038696"
"21","184","184","184","1.3216983079910278","1.3216983079910278","1.3216983079910278","184","184","184","2.6255125999450684","2.6255125999450684","2.6255125999450684","184","184","184","1.7292243242263794","1.7292243242263794","1.7292243242263794","184","184","184","1.5354363918304443","1.5354363918304443","1.5354363918304443","184","184","184","1.9075745344161987","1.9075745344161987","1.9075745344161987"
"22","193","193","193","1.3126589059829712","1.3126589059829712","1.3126589059829712","193","193","193","2.5900278091430664","2.5900278091430664","2.5900278091430664","193","193","193","1.7389159202575684","1.7389159202575684","1.7389159202575684","193","193","193","1.5303964614868164","1.5303964614868164","1.5303964614868164","193","193","193","1.901760458946228","1.901760458946228","1.901760458946228"
"23","201","201","201","1.306437611579895","1.306437611579895","1.306437611579895","201","201","201","2.5215694904327393","2.5215694904327393","2.5215694904327393","201","201","201","1.7248040437698364","1.7248040437698364","1.7248040437698364","201","201","201","1.5250848531723022","1.5250848531723022","1.5250848531723022","201","201","201","1.8960392475128174","1.8960392475128174","1.8960392475128174"
"24","210","210","210","1.2920076847076416","1.2920076847076416","1.2920076847076416","210","210","210","3.961374044418335","3.961374044418335","3.961374044418335","210","210","210","1.7237821817398071","1.7237821817398071","1.7237821817398071","210","210","210","1.519942045211792","1.519942045211792","1.519942045211792","210","210","210","1.8906878232955933","1.8906878232955933","1.8906878232955933"
"25","219","219","219","1.2853323221206665","1.2853323221206665","1.2853323221206665","219","219","219","2.599024772644043","2.599024772644043","2.599024772644043","219","219","219","1.724879264831543","1.724879264831543","1.724879264831543","219","219","219","1.5153836011886597","1.5153836011886597","1.5153836011886597","219","219","219","1.8856037855148315","1.8856037855148315","1.8856037855148315"
"26","228","228","228","1.2768274545669556","1.2768274545669556","1.2768274545669556","228","228","228","3.150144577026367","3.150144577026367","3.150144577026367","228","228","228","1.7309821844100952","1.7309821844100952","1.7309821844100952","228","228","228","1.5105915069580078","1.5105915069580078","1.5105915069580078","228","228","228","1.8807109594345093","1.8807109594345093","1.8807109594345093"
"27","237","237","237","1.268899917602539","1.268899917602539","1.268899917602539","237","237","237","2.457090139389038","2.457090139389038","2.457090139389038","237","237","237","1.7181822061538696","1.7181822061538696","1.7181822061538696","237","237","237","1.5059311389923096","1.5059311389923096","1.5059311389923096","237","237","237","1.8759568929672241","1.8759568929672241","1.8759568929672241"
"28","245","245","245","1.2623001337051392","1.2623001337051392","1.2623001337051392","245","245","245","5.383383274078369","5.383383274078369","5.383383274078369","245","245","245","1.7230838537216187","1.7230838537216187","1.7230838537216187","245","245","245","1.501800298690796","1.501800298690796","1.501800298690796","245","245","245","1.8715572357177734","1.8715572357177734","1.8715572357177734"
"29","254","254","254","1.254158616065979","1.254158616065979","1.254158616065979","254","254","254","2.7401864528656006","2.7401864528656006","2.7401864528656006","254","254","254","1.7205778360366821","1.7205778360366821","1.7205778360366821","254","254","254","1.497930645942688","1.497930645942688","1.497930645942688","254","254","254","1.8671870231628418","1.8671870231628418","1.8671870231628418"
"30","263","263","263","1.2484382390975952","1.2484382390975952","1.2484382390975952","263","263","263","2.7998580932617188","2.7998580932617188","2.7998580932617188","263","263","263","1.7141746282577515","1.7141746282577515","1.7141746282577515","263","263","263","1.4937394857406616","1.4937394857406616","1.4937394857406616","263","263","263","1.8630568981170654","1.8630568981170654","1.8630568981170654"
"31","272","272","272","1.2418640851974487","1.2418640851974487","1.2418640851974487","272","272","272","2.6430225372314453","2.6430225372314453","2.6430225372314453","272","272","272","1.718071460723877","1.718071460723877","1.718071460723877","272","272","272","1.48966646194458","1.48966646194458","1.48966646194458","272","272","272","1.858999252319336","1.858999252319336","1.858999252319336"
"32","281","281","281","1.233059287071228","1.233059287071228","1.233059287071228","281","281","281","4.441061496734619","4.441061496734619","4.441061496734619","281","281","281","1.7111701965332031","1.7111701965332031","1.7111701965332031","281","281","281","1.486138939857483","1.486138939857483","1.486138939857483","281","281","281","1.8551478385925293","1.8551478385925293","1.8551478385925293"
"33","290","290","290","1.2276362180709839","1.2276362180709839","1.2276362180709839","290","290","290","3.134575605392456","3.134575605392456","3.134575605392456","290","290","290","1.7134848833084106","1.7134848833084106","1.7134848833084106","290","290","290","1.4820923805236816","1.4820923805236816","1.4820923805236816","290","290","290","1.851394534111023","1.851394534111023","1.851394534111023"
"34","298","298","298","1.2199957370758057","1.2199957370758057","1.2199957370758057","298","298","298","3.1779305934906006","3.1779305934906006","3.1779305934906006","298","298","298","1.7165329456329346","1.7165329456329346","1.7165329456329346","298","298","298","1.4785161018371582","1.4785161018371582","1.4785161018371582","298","298","298","1.8476988077163696","1.8476988077163696","1.8476988077163696"
"35","307","307","307","1.209518551826477","1.209518551826477","1.209518551826477","307","307","307","2.3904170989990234","2.3904170989990234","2.3904170989990234","307","307","307","1.7136043310165405","1.7136043310165405","1.7136043310165405","307","307","307","1.4750882387161255","1.4750882387161255","1.4750882387161255","307","307","307","1.8441845178604126","1.8441845178604126","1.8441845178604126"
"36","316","316","316","1.206186056137085","1.206186056137085","1.206186056137085","316","316","316","3.022291898727417","3.022291898727417","3.022291898727417","316","316","316","1.7054823637008667","1.7054823637008667","1.7054823637008667","316","316","316","1.4720771312713623","1.4720771312713623","1.4720771312713623","316","316","316","1.8407559394836426","1.8407559394836426","1.8407559394836426"
"37","325","325","325","1.2030242681503296","1.2030242681503296","1.2030242681503296","325","325","325","2.767583131790161","2.767583131790161","2.767583131790161","325","325","325","1.7066102027893066","1.7066102027893066","1.7066102027893066","325","325","325","1.4681671857833862","1.4681671857833862","1.4681671857833862","325","325","325","1.8373793363571167","1.8373793363571167","1.8373793363571167"
"38","334","334","334","1.1913424730300903","1.1913424730300903","1.1913424730300903","334","334","334","2.5241918563842773","2.5241918563842773","2.5241918563842773","334","334","334","1.7036455869674683","1.7036455869674683","1.7036455869674683","334","334","334","1.464787244796753","1.464787244796753","1.464787244796753","334","334","334","1.8341320753097534","1.8341320753097534","1.8341320753097534"
"39","342","342","342","1.1936111450195312","1.1936111450195312","1.1936111450195312","342","342","342","2.7361669540405273","2.7361669540405273","2.7361669540405273","342","342","342","1.7017446756362915","1.7017446756362915","1.7017446756362915","342","342","342","1.4619473218917847","1.4619473218917847","1.4619473218917847","342","342","342","1.8308707475662231","1.8308707475662231","1.8308707475662231"
"40","351","351","351","1.1846544742584229","1.1846544742584229","1.1846544742584229","351","351","351","3.606520891189575","3.606520891189575","3.606520891189575","351","351","351","1.706373929977417","1.706373929977417","1.706373929977417","351","351","351","1.4584717750549316","1.4584717750549316","1.4584717750549316","351","351","351","1.8277597427368164","1.8277597427368164","1.8277597427368164"
"41","360","360","360","1.1783263683319092","1.1783263683319092","1.1783263683319092","360","360","360","4.231308937072754","4.231308937072754","4.231308937072754","360","360","360","1.7085705995559692","1.7085705995559692","1.7085705995559692","360","360","360","1.4552873373031616","1.4552873373031616","1.4552873373031616","360","360","360","1.824615478515625","1.824615478515625","1.824615478515625"
"42","369","369","369","1.172040581703186","1.172040581703186","1.172040581703186","369","369","369","2.5851452350616455","2.5851452350616455","2.5851452350616455","369","369","369","1.6997729539871216","1.6997729539871216","1.6997729539871216","369","369","369","1.4525606632232666","1.4525606632232666","1.4525606632232666","369","369","369","1.8217437267303467","1.8217437267303467","1.8217437267303467"
"43","378","378","378","1.1698558330535889","1.1698558330535889","1.1698558330535889","378","378","378","5.304736137390137","5.304736137390137","5.304736137390137","378","378","378","1.6952183246612549","1.6952183246612549","1.6952183246612549","378","378","378","1.449349045753479","1.449349045753479","1.449349045753479","378","378","378","1.8187832832336426","1.8187832832336426","1.8187832832336426"
"44","387","387","387","1.162226676940918","1.162226676940918","1.162226676940918","387","387","387","3.080122470855713","3.080122470855713","3.080122470855713","387","387","387","1.6958857774734497","1.6958857774734497","1.6958857774734497","387","387","387","1.446436882019043","1.446436882019043","1.446436882019043","387","387","387","1.8158106803894043","1.8158106803894043","1.8158106803894043"
"45","395","395","395","1.1547762155532837","1.1547762155532837","1.1547762155532837","395","395","395","3.0164780616760254","3.0164780616760254","3.0164780616760254","395","395","395","1.6993242502212524","1.6993242502212524","1.6993242502212524","395","395","395","1.4435698986053467","1.4435698986053467","1.4435698986053467","395","395","395","1.8130193948745728","1.8130193948745728","1.8130193948745728"
"46","404","404","404","1.1512113809585571","1.1512113809585571","1.1512113809585571","404","404","404","2.693443775177002","2.693443775177002","2.693443775177002","404","404","404","1.7027857303619385","1.7027857303619385","1.7027857303619385","404","404","404","1.4405428171157837","1.4405428171157837","1.4405428171157837","404","404","404","1.8103229999542236","1.8103229999542236","1.8103229999542236"
"47","413","413","413","1.1486876010894775","1.1486876010894775","1.1486876010894775","413","413","413","2.555049180984497","2.555049180984497","2.555049180984497","413","413","413","1.7073110342025757","1.7073110342025757","1.7073110342025757","413","413","413","1.4377819299697876","1.4377819299697876","1.4377819299697876","413","413","413","1.8075388669967651","1.8075388669967651","1.8075388669967651"
"48","422","422","422","1.1394613981246948","1.1394613981246948","1.1394613981246948","422","422","422","3.95576810836792","3.95576810836792","3.95576810836792","422","422","422","1.7002928256988525","1.7002928256988525","1.7002928256988525","422","422","422","1.4348100423812866","1.4348100423812866","1.4348100423812866","422","422","422","1.8048343658447266","1.8048343658447266","1.8048343658447266"
"49","431","431","431","1.137222170829773","1.137222170829773","1.137222170829773","431","431","431","3.984790086746216","3.984790086746216","3.984790086746216","431","431","431","1.6922158002853394","1.6922158002853394","1.6922158002853394","431","431","431","1.4320244789123535","1.4320244789123535","1.4320244789123535","431","431","431","1.8020591735839844","1.8020591735839844","1.8020591735839844"
"50","440","440","440","1.1345245838165283","1.1345245838165283","1.1345245838165283","440","440","440","2.8322644233703613","2.8322644233703613","2.8322644233703613","440","440","440","1.694193959236145","1.694193959236145","1.694193959236145","440","440","440","1.4295448064804077","1.4295448064804077","1.4295448064804077","440","440","440","1.799476981163025","1.799476981163025","1.799476981163025"
"51","448","448","448","1.129704475402832","1.129704475402832","1.129704475402832","448","448","448","3.2432706356048584","3.2432706356048584","3.2432706356048584","448","448","448","1.7021373510360718","1.7021373510360718","1.7021373510360718","448","448","448","1.4268436431884766","1.4268436431884766","1.4268436431884766","448","448","448","1.7969356775283813","1.7969356775283813","1.7969356775283813"
"52","457","457","457","1.1227036714553833","1.1227036714553833","1.1227036714553833","457","457","457","3.1557037830352783","3.1557037830352783","3.1557037830352783","457","457","457","1.6911348104476929","1.6911348104476929","1.6911348104476929","457","457","457","1.4242218732833862","1.4242218732833862","1.4242218732833862","457","457","457","1.794403076171875","1.794403076171875","1.794403076171875"
"53","466","466","466","1.1196155548095703","1.1196155548095703","1.1196155548095703","466","466","466","2.8365864753723145","2.8365864753723145","2.8365864753723145","466","466","466","1.6876102685928345","1.6876102685928345","1.6876102685928345","466","466","466","1.421742558479309","1.421742558479309","1.421742558479309","466","466","466","1.7919278144836426","1.7919278144836426","1.7919278144836426"
"54","475","475","475","1.1157939434051514","1.1157939434051514","1.1157939434051514","475","475","475","2.5584869384765625","2.5584869384765625","2.5584869384765625","475","475","475","1.7038726806640625","1.7038726806640625","1.7038726806640625","475","475","475","1.4190583229064941","1.4190583229064941","1.4190583229064941","475","475","475","1.7893171310424805","1.7893171310424805","1.7893171310424805"
"55","484","484","484","1.1069797277450562","1.1069797277450562","1.1069797277450562","484","484","484","2.8746960163116455","2.8746960163116455","2.8746960163116455","484","484","484","1.7118090391159058","1.7118090391159058","1.7118090391159058","484","484","484","1.416738748550415","1.416738748550415","1.416738748550415","484","484","484","1.786969542503357","1.786969542503357","1.786969542503357"
"56","492","492","492","1.1063320636749268","1.1063320636749268","1.1063320636749268","492","492","492","2.704785108566284","2.704785108566284","2.704785108566284","492","492","492","1.6826809644699097","1.6826809644699097","1.6826809644699097","492","492","492","1.4143229722976685","1.4143229722976685","1.4143229722976685","492","492","492","1.7845094203948975","1.7845094203948975","1.7845094203948975"
"57","501","501","501","1.1009855270385742","1.1009855270385742","1.1009855270385742","501","501","501","3.000464677810669","3.000464677810669","3.000464677810669","501","501","501","1.6837613582611084","1.6837613582611084","1.6837613582611084","501","501","501","1.411909580230713","1.411909580230713","1.411909580230713","501","501","501","1.782193899154663","1.782193899154663","1.782193899154663"
"58","510","510","510","1.097092628479004","1.097092628479004","1.097092628479004","510","510","510","4.621981143951416","4.621981143951416","4.621981143951416","510","510","510","1.6940135955810547","1.6940135955810547","1.6940135955810547","510","510","510","1.4089118242263794","1.4089118242263794","1.4089118242263794","510","510","510","1.7797377109527588","1.7797377109527588","1.7797377109527588"
"59","519","519","519","1.0937350988388062","1.0937350988388062","1.0937350988388062","519","519","519","3.2665908336639404","3.2665908336639404","3.2665908336639404","519","519","519","1.6877245903015137","1.6877245903015137","1.6877245903015137","519","519","519","1.4067716598510742","1.4067716598510742","1.4067716598510742","519","519","519","1.7775030136108398","1.7775030136108398","1.7775030136108398"
"60","528","528","528","1.0886250734329224","1.0886250734329224","1.0886250734329224","528","528","528","2.60377836227417","2.60377836227417","2.60377836227417","528","528","528","1.6907151937484741","1.6907151937484741","1.6907151937484741","528","528","528","1.404412031173706","1.404412031173706","1.404412031173706","528","528","528","1.7751120328903198","1.7751120328903198","1.7751120328903198"
"61","537","537","537","1.089980125427246","1.089980125427246","1.089980125427246","537","537","537","2.8091015815734863","2.8091015815734863","2.8091015815734863","537","537","537","1.6855894327163696","1.6855894327163696","1.6855894327163696","537","537","537","1.4023152589797974","1.4023152589797974","1.4023152589797974","537","537","537","1.7728612422943115","1.7728612422943115","1.7728612422943115"
"62","545","545","545","1.081632375717163","1.081632375717163","1.081632375717163","545","545","545","3.7924203872680664","3.7924203872680664","3.7924203872680664","545","545","545","1.6914958953857422","1.6914958953857422","1.6914958953857422","545","545","545","1.3997026681900024","1.3997026681900024","1.3997026681900024","545","545","545","1.7706122398376465","1.7706122398376465","1.7706122398376465"
"63","554","554","554","1.0772199630737305","1.0772199630737305","1.0772199630737305","554","554","554","3.379163980484009","3.379163980484009","3.379163980484009","554","554","554","1.68280029296875","1.68280029296875","1.68280029296875","554","554","554","1.3975443840026855","1.3975443840026855","1.3975443840026855","554","554","554","1.768347144126892","1.768347144126892","1.768347144126892"
"64","563","563","563","1.074491024017334","1.074491024017334","1.074491024017334","563","563","563","2.522533893585205","2.522533893585205","2.522533893585205","563","563","563","1.6834076642990112","1.6834076642990112","1.6834076642990112","563","563","563","1.395371675491333","1.395371675491333","1.395371675491333","563","563","563","1.7661458253860474","1.7661458253860474","1.7661458253860474"
"65","572","572","572","1.0695128440856934","1.0695128440856934","1.0695128440856934","572","572","572","3.0838546752929688","3.0838546752929688","3.0838546752929688","572","572","572","1.6820951700210571","1.6820951700210571","1.6820951700210571","572","572","572","1.3929078578948975","1.3929078578948975","1.3929078578948975","572","572","572","1.7639851570129395","1.7639851570129395","1.7639851570129395"
"66","581","581","581","1.0679651498794556","1.0679651498794556","1.0679651498794556","581","581","581","2.941145896911621","2.941145896911621","2.941145896911621","581","581","581","1.698602318763733","1.698602318763733","1.698602318763733","581","581","581","1.3910071849822998","1.3910071849822998","1.3910071849822998","581","581","581","1.7618554830551147","1.7618554830551147","1.7618554830551147"
"67","589","589","589","1.0601357221603394","1.0601357221603394","1.0601357221603394","589","589","589","3.8267178535461426","3.8267178535461426","3.8267178535461426","589","589","589","1.6936163902282715","1.6936163902282715","1.6936163902282715","589","589","589","1.3886209726333618","1.3886209726333618","1.3886209726333618","589","589","589","1.7597123384475708","1.7597123384475708","1.7597123384475708"
"68","598","598","598","1.0581103563308716","1.0581103563308716","1.0581103563308716","598","598","598","3.3358476161956787","3.3358476161956787","3.3358476161956787","598","598","598","1.6849963665008545","1.6849963665008545","1.6849963665008545","598","598","598","1.386693000793457","1.386693000793457","1.386693000793457","598","598","598","1.7575358152389526","1.7575358152389526","1.7575358152389526"
"69","607","607","607","1.0583932399749756","1.0583932399749756","1.0583932399749756","607","607","607","2.8092477321624756","2.8092477321624756","2.8092477321624756","607","607","607","1.676040768623352","1.676040768623352","1.676040768623352","607","607","607","1.3844295740127563","1.3844295740127563","1.3844295740127563","607","607","607","1.7553762197494507","1.7553762197494507","1.7553762197494507"
"70","616","616","616","1.0484756231307983","1.0484756231307983","1.0484756231307983","616","616","616","3.166883707046509","3.166883707046509","3.166883707046509","616","616","616","1.6913385391235352","1.6913385391235352","1.6913385391235352","616","616","616","1.382543921470642","1.382543921470642","1.382543921470642","616","616","616","1.753343105316162","1.753343105316162","1.753343105316162"
"71","625","625","625","1.0479310750961304","1.0479310750961304","1.0479310750961304","625","625","625","2.8732733726501465","2.8732733726501465","2.8732733726501465","625","625","625","1.6791898012161255","1.6791898012161255","1.6791898012161255","625","625","625","1.3804912567138672","1.3804912567138672","1.3804912567138672","625","625","625","1.751171588897705","1.751171588897705","1.751171588897705"
"72","634","634","634","1.0432486534118652","1.0432486534118652","1.0432486534118652","634","634","634","3.1922760009765625","3.1922760009765625","3.1922760009765625","634","634","634","1.6797152757644653","1.6797152757644653","1.6797152757644653","634","634","634","1.3784822225570679","1.3784822225570679","1.3784822225570679","634","634","634","1.7491289377212524","1.7491289377212524","1.7491289377212524"
"73","642","642","642","1.0411840677261353","1.0411840677261353","1.0411840677261353","642","642","642","3.15017032623291","3.15017032623291","3.15017032623291","642","642","642","1.6887069940567017","1.6887069940567017","1.6887069940567017","642","642","642","1.3764219284057617","1.3764219284057617","1.3764219284057617","642","642","642","1.7470414638519287","1.7470414638519287","1.7470414638519287"
"74","651","651","651","1.0362086296081543","1.0362086296081543","1.0362086296081543","651","651","651","4.748402118682861","4.748402118682861","4.748402118682861","651","651","651","1.67432701587677","1.67432701587677","1.67432701587677","651","651","651","1.374388575553894","1.374388575553894","1.374388575553894","651","651","651","1.7450926303863525","1.7450926303863525","1.7450926303863525"
"75","660","660","660","1.0339075326919556","1.0339075326919556","1.0339075326919556","660","660","660","2.664865255355835","2.664865255355835","2.664865255355835","660","660","660","1.6945209503173828","1.6945209503173828","1.6945209503173828","660","660","660","1.372463583946228","1.372463583946228","1.372463583946228","660","660","660","1.7430580854415894","1.7430580854415894","1.7430580854415894"
"76","669","669","669","1.0305982828140259","1.0305982828140259","1.0305982828140259","669","669","669","3.0061802864074707","3.0061802864074707","3.0061802864074707","669","669","669","1.6755433082580566","1.6755433082580566","1.6755433082580566","669","669","669","1.3703519105911255","1.3703519105911255","1.3703519105911255","669","669","669","1.7409727573394775","1.7409727573394775","1.7409727573394775"
"77","678","678","678","1.0278873443603516","1.0278873443603516","1.0278873443603516","678","678","678","2.784637451171875","2.784637451171875","2.784637451171875","678","678","678","1.6858124732971191","1.6858124732971191","1.6858124732971191","678","678","678","1.36819326877594","1.36819326877594","1.36819326877594","678","678","678","1.7391315698623657","1.7391315698623657","1.7391315698623657"
"78","686","686","686","1.0247563123703003","1.0247563123703003","1.0247563123703003","686","686","686","4.592182636260986","4.592182636260986","4.592182636260986","686","686","686","1.6765118837356567","1.6765118837356567","1.6765118837356567","686","686","686","1.3663818836212158","1.3663818836212158","1.3663818836212158","686","686","686","1.7371351718902588","1.7371351718902588","1.7371351718902588"
"79","695","695","695","1.022973656654358","1.022973656654358","1.022973656654358","695","695","695","2.862434148788452","2.862434148788452","2.862434148788452","695","695","695","1.6923229694366455","1.6923229694366455","1.6923229694366455","695","695","695","1.3645222187042236","1.3645222187042236","1.3645222187042236","695","695","695","1.7352144718170166","1.7352144718170166","1.7352144718170166"
"80","704","704","704","1.0196480751037598","1.0196480751037598","1.0196480751037598","704","704","704","2.797281503677368","2.797281503677368","2.797281503677368","704","704","704","1.6812186241149902","1.6812186241149902","1.6812186241149902","704","704","704","1.3625913858413696","1.3625913858413696","1.3625913858413696","704","704","704","1.7333210706710815","1.7333210706710815","1.7333210706710815"
"81","713","713","713","1.018021821975708","1.018021821975708","1.018021821975708","713","713","713","2.9361441135406494","2.9361441135406494","2.9361441135406494","713","713","713","1.6774256229400635","1.6774256229400635","1.6774256229400635","713","713","713","1.3609267473220825","1.3609267473220825","1.3609267473220825","713","713","713","1.7313517332077026","1.7313517332077026","1.7313517332077026"
"82","722","722","722","1.01104736328125","1.01104736328125","1.01104736328125","722","722","722","2.962763786315918","2.962763786315918","2.962763786315918","722","722","722","1.6764570474624634","1.6764570474624634","1.6764570474624634","722","722","722","1.3589632511138916","1.3589632511138916","1.3589632511138916","722","722","722","1.7295376062393188","1.7295376062393188","1.7295376062393188"
"83","731","731","731","1.0067261457443237","1.0067261457443237","1.0067261457443237","731","731","731","3.0966432094573975","3.0966432094573975","3.0966432094573975","731","731","731","1.689981460571289","1.689981460571289","1.689981460571289","731","731","731","1.357481598854065","1.357481598854065","1.357481598854065","731","731","731","1.7276531457901","1.7276531457901","1.7276531457901"
"84","739","739","739","1.004636287689209","1.004636287689209","1.004636287689209","739","739","739","3.144970417022705","3.144970417022705","3.144970417022705","739","739","739","1.6723995208740234","1.6723995208740234","1.6723995208740234","739","739","739","1.355637788772583","1.355637788772583","1.355637788772583","739","739","739","1.7257150411605835","1.7257150411605835","1.7257150411605835"
"85","748","748","748","1.0071614980697632","1.0071614980697632","1.0071614980697632","748","748","748","3.0526647567749023","3.0526647567749023","3.0526647567749023","748","748","748","1.685410499572754","1.685410499572754","1.685410499572754","748","748","748","1.3535672426223755","1.3535672426223755","1.3535672426223755","748","748","748","1.7239149808883667","1.7239149808883667","1.7239149808883667"
"86","757","757","757","1.005363941192627","1.005363941192627","1.005363941192627","757","757","757","2.622844934463501","2.622844934463501","2.622844934463501","757","757","757","1.6747955083847046","1.6747955083847046","1.6747955083847046","757","757","757","1.3519715070724487","1.3519715070724487","1.3519715070724487","757","757","757","1.7221345901489258","1.7221345901489258","1.7221345901489258"
"87","766","766","766","0.9995677471160889","0.9995677471160889","0.9995677471160889","766","766","766","2.679452896118164","2.679452896118164","2.679452896118164","766","766","766","1.6815394163131714","1.6815394163131714","1.6815394163131714","766","766","766","1.350048542022705","1.350048542022705","1.350048542022705","766","766","766","1.7201639413833618","1.7201639413833618","1.7201639413833618"
"88","775","775","775","0.991690993309021","0.991690993309021","0.991690993309021","775","775","775","3.5474250316619873","3.5474250316619873","3.5474250316619873","775","775","775","1.679407000541687","1.679407000541687","1.679407000541687","775","775","775","1.3485783338546753","1.3485783338546753","1.3485783338546753","775","775","775","1.7184886932373047","1.7184886932373047","1.7184886932373047"
"89","783","783","783","0.9914752244949341","0.9914752244949341","0.9914752244949341","783","783","783","5.18189811706543","5.18189811706543","5.18189811706543","783","783","783","1.6800262928009033","1.6800262928009033","1.6800262928009033","783","783","783","1.3469793796539307","1.3469793796539307","1.3469793796539307","783","783","783","1.716631293296814","1.716631293296814","1.716631293296814"
"90","792","792","792","0.9891598224639893","0.9891598224639893","0.9891598224639893","792","792","792","2.6694302558898926","2.6694302558898926","2.6694302558898926","792","792","792","1.6710383892059326","1.6710383892059326","1.6710383892059326","792","792","792","1.345240831375122","1.345240831375122","1.345240831375122","792","792","792","1.7147480249404907","1.7147480249404907","1.7147480249404907"
"91","801","801","801","0.9877094626426697","0.9877094626426697","0.9877094626426697","801","801","801","3.3541715145111084","3.3541715145111084","3.3541715145111084","801","801","801","1.6726726293563843","1.6726726293563843","1.6726726293563843","801","801","801","1.343496561050415","1.343496561050415","1.343496561050415","801","801","801","1.7129913568496704","1.7129913568496704","1.7129913568496704"
"92","810","810","810","0.9839795827865601","0.9839795827865601","0.9839795827865601","810","810","810","2.7872884273529053","2.7872884273529053","2.7872884273529053","810","810","810","1.676684021949768","1.676684021949768","1.676684021949768","810","810","810","1.3414890766143799","1.3414890766143799","1.3414890766143799","810","810","810","1.7111729383468628","1.7111729383468628","1.7111729383468628"
"93","819","819","819","0.983810544013977","0.983810544013977","0.983810544013977","819","819","819","3.359961986541748","3.359961986541748","3.359961986541748","819","819","819","1.6713413000106812","1.6713413000106812","1.6713413000106812","819","819","819","1.3401256799697876","1.3401256799697876","1.3401256799697876","819","819","819","1.7094793319702148","1.7094793319702148","1.7094793319702148"
"94","828","828","828","0.9754410982131958","0.9754410982131958","0.9754410982131958","828","828","828","2.866333484649658","2.866333484649658","2.866333484649658","828","828","828","1.6709520816802979","1.6709520816802979","1.6709520816802979","828","828","828","1.3385478258132935","1.3385478258132935","1.3385478258132935","828","828","828","1.7078394889831543","1.7078394889831543","1.7078394889831543"
"95","836","836","836","0.9771910309791565","0.9771910309791565","0.9771910309791565","836","836","836","2.605182409286499","2.605182409286499","2.605182409286499","836","836","836","1.674443006515503","1.674443006515503","1.674443006515503","836","836","836","1.33712637424469","1.33712637424469","1.33712637424469","836","836","836","1.706005334854126","1.706005334854126","1.706005334854126"
"96","845","845","845","0.9739179611206055","0.9739179611206055","0.9739179611206055","845","845","845","3.3744900226593018","3.3744900226593018","3.3744900226593018","845","845","845","1.6719480752944946","1.6719480752944946","1.6719480752944946","845","845","845","1.3352229595184326","1.3352229595184326","1.3352229595184326","845","845","845","1.704332709312439","1.704332709312439","1.704332709312439"
"97","854","854","854","0.9741770029067993","0.9741770029067993","0.9741770029067993","854","854","854","2.7073614597320557","2.7073614597320557","2.7073614597320557","854","854","854","1.6713006496429443","1.6713006496429443","1.6713006496429443","854","854","854","1.3337346315383911","1.3337346315383911","1.3337346315383911","854","854","854","1.7026783227920532","1.7026783227920532","1.7026783227920532"
"98","863","863","863","0.9670900106430054","0.9670900106430054","0.9670900106430054","863","863","863","2.4629392623901367","2.4629392623901367","2.4629392623901367","863","863","863","1.6706403493881226","1.6706403493881226","1.6706403493881226","863","863","863","1.3324445486068726","1.3324445486068726","1.3324445486068726","863","863","863","1.7008479833602905","1.7008479833602905","1.7008479833602905"
"99","872","872","872","0.9701460003852844","0.9701460003852844","0.9701460003852844","872","872","872","2.5198256969451904","2.5198256969451904","2.5198256969451904","872","872","872","1.6649099588394165","1.6649099588394165","1.6649099588394165","872","872","872","1.3303349018096924","1.3303349018096924","1.3303349018096924","872","872","872","1.6992771625518799","1.6992771625518799","1.6992771625518799"
"100","881","881","881","0.9627986550331116","0.9627986550331116","0.9627986550331116","881","881","881","4.933302879333496","4.933302879333496","4.933302879333496","881","881","881","1.6754429340362549","1.6754429340362549","1.6754429340362549","881","881","881","1.3290660381317139","1.3290660381317139","1.3290660381317139","881","881","881","1.6974701881408691","1.6974701881408691","1.6974701881408691"
"101","889","889","889","0.9553170800209045","0.9553170800209045","0.9553170800209045","889","889","889","7.087955474853516","7.087955474853516","7.087955474853516","889","889","889","1.6732345819473267","1.6732345819473267","1.6732345819473267","889","889","889","1.327650785446167","1.327650785446167","1.327650785446167","889","889","889","1.6958917379379272","1.6958917379379272","1.6958917379379272"
"102","898","898","898","0.9586568474769592","0.9586568474769592","0.9586568474769592","898","898","898","3.1824686527252197","3.1824686527252197","3.1824686527252197","898","898","898","1.6660021543502808","1.6660021543502808","1.6660021543502808","898","898","898","1.325996994972229","1.325996994972229","1.325996994972229","898","898","898","1.6942579746246338","1.6942579746246338","1.6942579746246338"
"103","907","907","907","0.9561824798583984","0.9561824798583984","0.9561824798583984","907","907","907","2.6645100116729736","2.6645100116729736","2.6645100116729736","907","907","907","1.6730096340179443","1.6730096340179443","1.6730096340179443","907","907","907","1.324622392654419","1.324622392654419","1.324622392654419","907","907","907","1.6925876140594482","1.6925876140594482","1.6925876140594482"
"104","916","916","916","0.9547105431556702","0.9547105431556702","0.9547105431556702","916","916","916","2.6169486045837402","2.6169486045837402","2.6169486045837402","916","916","916","1.68352472782135","1.68352472782135","1.68352472782135","916","916","916","1.3229998350143433","1.3229998350143433","1.3229998350143433","916","916","916","1.6910021305084229","1.6910021305084229","1.6910021305084229"
"105","925","925","925","0.9539868831634521","0.9539868831634521","0.9539868831634521","925","925","925","3.293914318084717","3.293914318084717","3.293914318084717","925","925","925","1.6664655208587646","1.6664655208587646","1.6664655208587646","925","925","925","1.3216251134872437","1.3216251134872437","1.3216251134872437","925","925","925","1.6893259286880493","1.6893259286880493","1.6893259286880493"
"106","933","933","933","0.9476646780967712","0.9476646780967712","0.9476646780967712","933","933","933","2.8481764793395996","2.8481764793395996","2.8481764793395996","933","933","933","1.6725659370422363","1.6725659370422363","1.6725659370422363","933","933","933","1.3202656507492065","1.3202656507492065","1.3202656507492065","933","933","933","1.687690258026123","1.687690258026123","1.687690258026123"
"107","942","942","942","0.948093593120575","0.948093593120575","0.948093593120575","942","942","942","3.166679620742798","3.166679620742798","3.166679620742798","942","942","942","1.6726301908493042","1.6726301908493042","1.6726301908493042","942","942","942","1.318657636642456","1.318657636642456","1.318657636642456","942","942","942","1.6859711408615112","1.6859711408615112","1.6859711408615112"
"108","951","951","951","0.9461753964424133","0.9461753964424133","0.9461753964424133","951","951","951","3.210455894470215","3.210455894470215","3.210455894470215","951","951","951","1.6740784645080566","1.6740784645080566","1.6740784645080566","951","951","951","1.3175913095474243","1.3175913095474243","1.3175913095474243","951","951","951","1.6845533847808838","1.6845533847808838","1.6845533847808838"
"109","960","960","960","0.9398431181907654","0.9398431181907654","0.9398431181907654","960","960","960","2.7871603965759277","2.7871603965759277","2.7871603965759277","960","960","960","1.6750484704971313","1.6750484704971313","1.6750484704971313","960","960","960","1.3159799575805664","1.3159799575805664","1.3159799575805664","960","960","960","1.682953119277954","1.682953119277954","1.682953119277954"
"110","969","969","969","0.9414942860603333","0.9414942860603333","0.9414942860603333","969","969","969","3.4145772457122803","3.4145772457122803","3.4145772457122803","969","969","969","1.6697620153427124","1.6697620153427124","1.6697620153427124","969","969","969","1.3143373727798462","1.3143373727798462","1.3143373727798462","969","969","969","1.6813887357711792","1.6813887357711792","1.6813887357711792"
"111","978","978","978","0.9358978867530823","0.9358978867530823","0.9358978867530823","978","978","978","2.7174103260040283","2.7174103260040283","2.7174103260040283","978","978","978","1.6640011072158813","1.6640011072158813","1.6640011072158813","978","978","978","1.3130861520767212","1.3130861520767212","1.3130861520767212","978","978","978","1.6798126697540283","1.6798126697540283","1.6798126697540283"
"112","986","986","986","0.9359052181243896","0.9359052181243896","0.9359052181243896","986","986","986","3.1370015144348145","3.1370015144348145","3.1370015144348145","986","986","986","1.6717649698257446","1.6717649698257446","1.6717649698257446","986","986","986","1.3115811347961426","1.3115811347961426","1.3115811347961426","986","986","986","1.67820405960083","1.67820405960083","1.67820405960083"
"113","995","995","995","0.9300380349159241","0.9300380349159241","0.9300380349159241","995","995","995","2.6019859313964844","2.6019859313964844","2.6019859313964844","995","995","995","1.671315312385559","1.671315312385559","1.671315312385559","995","995","995","1.310106873512268","1.310106873512268","1.310106873512268","995","995","995","1.6766008138656616","1.6766008138656616","1.6766008138656616"
"114","1004","1004","1004","0.9310429096221924","0.9310429096221924","0.9310429096221924","1004","1004","1004","3.1811132431030273","3.1811132431030273","3.1811132431030273","1004","1004","1004","1.671752691268921","1.671752691268921","1.671752691268921","1004","1004","1004","1.309018850326538","1.309018850326538","1.309018850326538","1004","1004","1004","1.6751633882522583","1.6751633882522583","1.6751633882522583"
"115","1013","1013","1013","0.9304227232933044","0.9304227232933044","0.9304227232933044","1013","1013","1013","2.6102302074432373","2.6102302074432373","2.6102302074432373","1013","1013","1013","1.665812611579895","1.665812611579895","1.665812611579895","1013","1013","1013","1.3073861598968506","1.3073861598968506","1.3073861598968506","1013","1013","1013","1.6735807657241821","1.6735807657241821","1.6735807657241821"
"116","1022","1022","1022","0.9280893802642822","0.9280893802642822","0.9280893802642822","1022","1022","1022","2.591798782348633","2.591798782348633","2.591798782348633","1022","1022","1022","1.664036750793457","1.664036750793457","1.664036750793457","1022","1022","1022","1.3061658143997192","1.3061658143997192","1.3061658143997192","1022","1022","1022","1.6718926429748535","1.6718926429748535","1.6718926429748535"
"117","1030","1030","1030","0.9221327304840088","0.9221327304840088","0.9221327304840088","1030","1030","1030","3.051621198654175","3.051621198654175","3.051621198654175","1030","1030","1030","1.6577816009521484","1.6577816009521484","1.6577816009521484","1030","1030","1030","1.304951786994934","1.304951786994934","1.304951786994934","1030","1030","1030","1.6705209016799927","1.6705209016799927","1.6705209016799927"
"118","1039","1039","1039","0.9263855218887329","0.9263855218887329","0.9263855218887329","1039","1039","1039","3.3216066360473633","3.3216066360473633","3.3216066360473633","1039","1039","1039","1.6744608879089355","1.6744608879089355","1.6744608879089355","1039","1039","1039","1.3033767938613892","1.3033767938613892","1.3033767938613892","1039","1039","1039","1.6690032482147217","1.6690032482147217","1.6690032482147217"
"119","1048","1048","1048","0.9159232974052429","0.9159232974052429","0.9159232974052429","1048","1048","1048","2.728095054626465","2.728095054626465","2.728095054626465","1048","1048","1048","1.6608794927597046","1.6608794927597046","1.6608794927597046","1048","1048","1048","1.3021641969680786","1.3021641969680786","1.3021641969680786","1048","1048","1048","1.6674824953079224","1.6674824953079224","1.6674824953079224"
"120","1057","1057","1057","0.920086145401001","0.920086145401001","0.920086145401001","1057","1057","1057","3.8051531314849854","3.8051531314849854","3.8051531314849854","1057","1057","1057","1.6734143495559692","1.6734143495559692","1.6734143495559692","1057","1057","1057","1.3006941080093384","1.3006941080093384","1.3006941080093384","1057","1057","1057","1.6659486293792725","1.6659486293792725","1.6659486293792725"
"121","1066","1066","1066","0.915616512298584","0.915616512298584","0.915616512298584","1066","1066","1066","3.2308568954467773","3.2308568954467773","3.2308568954467773","1066","1066","1066","1.6622658967971802","1.6622658967971802","1.6622658967971802","1066","1066","1066","1.2994296550750732","1.2994296550750732","1.2994296550750732","1066","1066","1066","1.6644457578659058","1.6644457578659058","1.6644457578659058"
"122","1075","1075","1075","0.9169907569885254","0.9169907569885254","0.9169907569885254","1075","1075","1075","3.140294075012207","3.140294075012207","3.140294075012207","1075","1075","1075","1.6712754964828491","1.6712754964828491","1.6712754964828491","1075","1075","1075","1.2981146574020386","1.2981146574020386","1.2981146574020386","1075","1075","1075","1.662977933883667","1.662977933883667","1.662977933883667"
"123","1083","1083","1083","0.9133031964302063","0.9133031964302063","0.9133031964302063","1083","1083","1083","3.717097282409668","3.717097282409668","3.717097282409668","1083","1083","1083","1.6613026857376099","1.6613026857376099","1.6613026857376099","1083","1083","1083","1.297041893005371","1.297041893005371","1.297041893005371","1083","1083","1083","1.6616020202636719","1.6616020202636719","1.6616020202636719"
"124","1092","1092","1092","0.9078052639961243","0.9078052639961243","0.9078052639961243","1092","1092","1092","3.3154537677764893","3.3154537677764893","3.3154537677764893","1092","1092","1092","1.666440486907959","1.666440486907959","1.666440486907959","1092","1092","1092","1.2954572439193726","1.2954572439193726","1.2954572439193726","1092","1092","1092","1.6600319147109985","1.6600319147109985","1.6600319147109985"
"125","1101","1101","1101","0.908285915851593","0.908285915851593","0.908285915851593","1101","1101","1101","3.2227494716644287","3.2227494716644287","3.2227494716644287","1101","1101","1101","1.6666362285614014","1.6666362285614014","1.6666362285614014","1101","1101","1101","1.2943739891052246","1.2943739891052246","1.2943739891052246","1101","1101","1101","1.6586220264434814","1.6586220264434814","1.6586220264434814"
"126","1110","1110","1110","0.9057820439338684","0.9057820439338684","0.9057820439338684","1110","1110","1110","2.519634485244751","2.519634485244751","2.519634485244751","1110","1110","1110","1.6570364236831665","1.6570364236831665","1.6570364236831665","1110","1110","1110","1.2930232286453247","1.2930232286453247","1.2930232286453247","1110","1110","1110","1.6571993827819824","1.6571993827819824","1.6571993827819824"
"127","1119","1119","1119","0.9042425751686096","0.9042425751686096","0.9042425751686096","1119","1119","1119","4.791872024536133","4.791872024536133","4.791872024536133","1119","1119","1119","1.668631672859192","1.668631672859192","1.668631672859192","1119","1119","1119","1.2918753623962402","1.2918753623962402","1.2918753623962402","1119","1119","1119","1.6556440591812134","1.6556440591812134","1.6556440591812134"
"128","1127","1127","1127","0.9025447368621826","0.9025447368621826","0.9025447368621826","1127","1127","1127","2.975048065185547","2.975048065185547","2.975048065185547","1127","1127","1127","1.667468547821045","1.667468547821045","1.667468547821045","1127","1127","1127","1.2906798124313354","1.2906798124313354","1.2906798124313354","1127","1127","1127","1.6542164087295532","1.6542164087295532","1.6542164087295532"
"129","1136","1136","1136","0.8975892066955566","0.8975892066955566","0.8975892066955566","1136","1136","1136","2.49528431892395","2.49528431892395","2.49528431892395","1136","1136","1136","1.6662211418151855","1.6662211418151855","1.6662211418151855","1136","1136","1136","1.2892614603042603","1.2892614603042603","1.2892614603042603","1136","1136","1136","1.6527997255325317","1.6527997255325317","1.6527997255325317"
"130","1145","1145","1145","0.8960331082344055","0.8960331082344055","0.8960331082344055","1145","1145","1145","2.7017533779144287","2.7017533779144287","2.7017533779144287","1145","1145","1145","1.6579145193099976","1.6579145193099976","1.6579145193099976","1145","1145","1145","1.2879725694656372","1.2879725694656372","1.2879725694656372","1145","1145","1145","1.6514699459075928","1.6514699459075928","1.6514699459075928"
"131","1154","1154","1154","0.8994728922843933","0.8994728922843933","0.8994728922843933","1154","1154","1154","2.8221960067749023","2.8221960067749023","2.8221960067749023","1154","1154","1154","1.6632193326950073","1.6632193326950073","1.6632193326950073","1154","1154","1154","1.2869186401367188","1.2869186401367188","1.2869186401367188","1154","1154","1154","1.6500468254089355","1.6500468254089355","1.6500468254089355"
"132","1163","1163","1163","0.8961315751075745","0.8961315751075745","0.8961315751075745","1163","1163","1163","3.077660083770752","3.077660083770752","3.077660083770752","1163","1163","1163","1.6571370363235474","1.6571370363235474","1.6571370363235474","1163","1163","1163","1.2857617139816284","1.2857617139816284","1.2857617139816284","1163","1163","1163","1.6486284732818604","1.6486284732818604","1.6486284732818604"
"133","1172","1172","1172","0.8877023458480835","0.8877023458480835","0.8877023458480835","1172","1172","1172","2.84539532661438","2.84539532661438","2.84539532661438","1172","1172","1172","1.6678308248519897","1.6678308248519897","1.6678308248519897","1172","1172","1172","1.2843273878097534","1.2843273878097534","1.2843273878097534","1172","1172","1172","1.6471130847930908","1.6471130847930908","1.6471130847930908"
"134","1180","1180","1180","0.8897997736930847","0.8897997736930847","0.8897997736930847","1180","1180","1180","3.308755874633789","3.308755874633789","3.308755874633789","1180","1180","1180","1.6582386493682861","1.6582386493682861","1.6582386493682861","1180","1180","1180","1.2833855152130127","1.2833855152130127","1.2833855152130127","1180","1180","1180","1.6458961963653564","1.6458961963653564","1.6458961963653564"
"135","1189","1189","1189","0.8866727352142334","0.8866727352142334","0.8866727352142334","1189","1189","1189","2.72591495513916","2.72591495513916","2.72591495513916","1189","1189","1189","1.6678670644760132","1.6678670644760132","1.6678670644760132","1189","1189","1189","1.2819287776947021","1.2819287776947021","1.2819287776947021","1189","1189","1189","1.6443673372268677","1.6443673372268677","1.6443673372268677"
"136","1198","1198","1198","0.8818241357803345","0.8818241357803345","0.8818241357803345","1198","1198","1198","2.677441358566284","2.677441358566284","2.677441358566284","1198","1198","1198","1.665128469467163","1.665128469467163","1.665128469467163","1198","1198","1198","1.280790090560913","1.280790090560913","1.280790090560913","1198","1198","1198","1.6431221961975098","1.6431221961975098","1.6431221961975098"
"137","1207","1207","1207","0.884617269039154","0.884617269039154","0.884617269039154","1207","1207","1207","2.9212677478790283","2.9212677478790283","2.9212677478790283","1207","1207","1207","1.6516996622085571","1.6516996622085571","1.6516996622085571","1207","1207","1207","1.27992582321167","1.27992582321167","1.27992582321167","1207","1207","1207","1.6416816711425781","1.6416816711425781","1.6416816711425781"
"138","1216","1216","1216","0.8898468613624573","0.8898468613624573","0.8898468613624573","1216","1216","1216","3.127662420272827","3.127662420272827","3.127662420272827","1216","1216","1216","1.6675447225570679","1.6675447225570679","1.6675447225570679","1216","1216","1216","1.278577208518982","1.278577208518982","1.278577208518982","1216","1216","1216","1.6402676105499268","1.6402676105499268","1.6402676105499268"
"139","1224","1224","1224","0.878950834274292","0.878950834274292","0.878950834274292","1224","1224","1224","2.6224312782287598","2.6224312782287598","2.6224312782287598","1224","1224","1224","1.658158540725708","1.658158540725708","1.658158540725708","1224","1224","1224","1.2772201299667358","1.2772201299667358","1.2772201299667358","1224","1224","1224","1.6389893293380737","1.6389893293380737","1.6389893293380737"
"140","1233","1233","1233","0.8803638815879822","0.8803638815879822","0.8803638815879822","1233","1233","1233","2.6381630897521973","2.6381630897521973","2.6381630897521973","1233","1233","1233","1.6578696966171265","1.6578696966171265","1.6578696966171265","1233","1233","1233","1.276327133178711","1.276327133178711","1.276327133178711","1233","1233","1233","1.6376254558563232","1.6376254558563232","1.6376254558563232"
"141","1242","1242","1242","0.878891110420227","0.878891110420227","0.878891110420227","1242","1242","1242","2.5145599842071533","2.5145599842071533","2.5145599842071533","1242","1242","1242","1.6525553464889526","1.6525553464889526","1.6525553464889526","1242","1242","1242","1.275034785270691","1.275034785270691","1.275034785270691","1242","1242","1242","1.6362491846084595","1.6362491846084595","1.6362491846084595"
"142","1251","1251","1251","0.8714231848716736","0.8714231848716736","0.8714231848716736","1251","1251","1251","2.8960843086242676","2.8960843086242676","2.8960843086242676","1251","1251","1251","1.6677489280700684","1.6677489280700684","1.6677489280700684","1251","1251","1251","1.2738946676254272","1.2738946676254272","1.2738946676254272","1251","1251","1251","1.6349509954452515","1.6349509954452515","1.6349509954452515"
"143","1260","1260","1260","0.8772534132003784","0.8772534132003784","0.8772534132003784","1260","1260","1260","2.580183982849121","2.580183982849121","2.580183982849121","1260","1260","1260","1.6525025367736816","1.6525025367736816","1.6525025367736816","1260","1260","1260","1.2725404500961304","1.2725404500961304","1.2725404500961304","1260","1260","1260","1.6335511207580566","1.6335511207580566","1.6335511207580566"
"144","1269","1269","1269","0.8693681359291077","0.8693681359291077","0.8693681359291077","1269","1269","1269","3.4361846446990967","3.4361846446990967","3.4361846446990967","1269","1269","1269","1.664076566696167","1.664076566696167","1.664076566696167","1269","1269","1269","1.271618127822876","1.271618127822876","1.271618127822876","1269","1269","1269","1.6322728395462036","1.6322728395462036","1.6322728395462036"
"145","1277","1277","1277","0.8711380958557129","0.8711380958557129","0.8711380958557129","1277","1277","1277","2.822923421859741","2.822923421859741","2.822923421859741","1277","1277","1277","1.6557265520095825","1.6557265520095825","1.6557265520095825","1277","1277","1277","1.2706530094146729","1.2706530094146729","1.2706530094146729","1277","1277","1277","1.6310954093933105","1.6310954093933105","1.6310954093933105"
"146","1286","1286","1286","0.8646020889282227","0.8646020889282227","0.8646020889282227","1286","1286","1286","4.081363677978516","4.081363677978516","4.081363677978516","1286","1286","1286","1.6521563529968262","1.6521563529968262","1.6521563529968262","1286","1286","1286","1.2695071697235107","1.2695071697235107","1.2695071697235107","1286","1286","1286","1.629683256149292","1.629683256149292","1.629683256149292"
"147","1295","1295","1295","0.8644483685493469","0.8644483685493469","0.8644483685493469","1295","1295","1295","2.910071849822998","2.910071849822998","2.910071849822998","1295","1295","1295","1.6588468551635742","1.6588468551635742","1.6588468551635742","1295","1295","1295","1.2684587240219116","1.2684587240219116","1.2684587240219116","1295","1295","1295","1.6283667087554932","1.6283667087554932","1.6283667087554932"
"148","1304","1304","1304","0.866489052772522","0.866489052772522","0.866489052772522","1304","1304","1304","3.2218735218048096","3.2218735218048096","3.2218735218048096","1304","1304","1304","1.6661324501037598","1.6661324501037598","1.6661324501037598","1304","1304","1304","1.2671380043029785","1.2671380043029785","1.2671380043029785","1304","1304","1304","1.6271357536315918","1.6271357536315918","1.6271357536315918"
"149","1313","1313","1313","0.8703573346138","0.8703573346138","0.8703573346138","1313","1313","1313","3.5371744632720947","3.5371744632720947","3.5371744632720947","1313","1313","1313","1.6536659002304077","1.6536659002304077","1.6536659002304077","1313","1313","1313","1.2659955024719238","1.2659955024719238","1.2659955024719238","1313","1313","1313","1.6257497072219849","1.6257497072219849","1.6257497072219849"
"150","1322","1322","1322","0.8577840328216553","0.8577840328216553","0.8577840328216553","1322","1322","1322","3.583820343017578","3.583820343017578","3.583820343017578","1322","1322","1322","1.6554518938064575","1.6554518938064575","1.6554518938064575","1322","1322","1322","1.265019416809082","1.265019416809082","1.265019416809082","1322","1322","1322","1.6245272159576416","1.6245272159576416","1.6245272159576416"
"151","1330","1330","1330","0.8600457310676575","0.8600457310676575","0.8600457310676575","1330","1330","1330","2.83914852142334","2.83914852142334","2.83914852142334","1330","1330","1330","1.6583412885665894","1.6583412885665894","1.6583412885665894","1330","1330","1330","1.2638492584228516","1.2638492584228516","1.2638492584228516","1330","1330","1330","1.6232004165649414","1.6232004165649414","1.6232004165649414"
"152","1339","1339","1339","0.8548555970191956","0.8548555970191956","0.8548555970191956","1339","1339","1339","2.6475441455841064","2.6475441455841064","2.6475441455841064","1339","1339","1339","1.6562349796295166","1.6562349796295166","1.6562349796295166","1339","1339","1339","1.262842059135437","1.262842059135437","1.262842059135437","1339","1339","1339","1.6220593452453613","1.6220593452453613","1.6220593452453613"
"153","1348","1348","1348","0.8552609086036682","0.8552609086036682","0.8552609086036682","1348","1348","1348","2.9932079315185547","2.9932079315185547","2.9932079315185547","1348","1348","1348","1.66238534450531","1.66238534450531","1.66238534450531","1348","1348","1348","1.2615864276885986","1.2615864276885986","1.2615864276885986","1348","1348","1348","1.6206780672073364","1.6206780672073364","1.6206780672073364"
"154","1357","1357","1357","0.8565546274185181","0.8565546274185181","0.8565546274185181","1357","1357","1357","2.9249765872955322","2.9249765872955322","2.9249765872955322","1357","1357","1357","1.6562861204147339","1.6562861204147339","1.6562861204147339","1357","1357","1357","1.2608448266983032","1.2608448266983032","1.2608448266983032","1357","1357","1357","1.6194572448730469","1.6194572448730469","1.6194572448730469"
"155","1366","1366","1366","0.8537804484367371","0.8537804484367371","0.8537804484367371","1366","1366","1366","3.0370519161224365","3.0370519161224365","3.0370519161224365","1366","1366","1366","1.6552095413208008","1.6552095413208008","1.6552095413208008","1366","1366","1366","1.2594867944717407","1.2594867944717407","1.2594867944717407","1366","1366","1366","1.6182385683059692","1.6182385683059692","1.6182385683059692"
"156","1374","1374","1374","0.8477472066879272","0.8477472066879272","0.8477472066879272","1374","1374","1374","2.501265048980713","2.501265048980713","2.501265048980713","1374","1374","1374","1.6572515964508057","1.6572515964508057","1.6572515964508057","1374","1374","1374","1.2586297988891602","1.2586297988891602","1.2586297988891602","1374","1374","1374","1.6168934106826782","1.6168934106826782","1.6168934106826782"
"157","1383","1383","1383","0.8466315865516663","0.8466315865516663","0.8466315865516663","1383","1383","1383","2.9542295932769775","2.9542295932769775","2.9542295932769775","1383","1383","1383","1.6531437635421753","1.6531437635421753","1.6531437635421753","1383","1383","1383","1.257460594177246","1.257460594177246","1.257460594177246","1383","1383","1383","1.6158195734024048","1.6158195734024048","1.6158195734024048"
"158","1392","1392","1392","0.8465579152107239","0.8465579152107239","0.8465579152107239","1392","1392","1392","2.801422119140625","2.801422119140625","2.801422119140625","1392","1392","1392","1.6519979238510132","1.6519979238510132","1.6519979238510132","1392","1392","1392","1.2565157413482666","1.2565157413482666","1.2565157413482666","1392","1392","1392","1.6145330667495728","1.6145330667495728","1.6145330667495728"
"159","1401","1401","1401","0.8474560379981995","0.8474560379981995","0.8474560379981995","1401","1401","1401","3.7525675296783447","3.7525675296783447","3.7525675296783447","1401","1401","1401","1.6680182218551636","1.6680182218551636","1.6680182218551636","1401","1401","1401","1.2553530931472778","1.2553530931472778","1.2553530931472778","1401","1401","1401","1.613317847251892","1.613317847251892","1.613317847251892"
"160","1410","1410","1410","0.8488556146621704","0.8488556146621704","0.8488556146621704","1410","1410","1410","3.2218942642211914","3.2218942642211914","3.2218942642211914","1410","1410","1410","1.646857500076294","1.646857500076294","1.646857500076294","1410","1410","1410","1.2545384168624878","1.2545384168624878","1.2545384168624878","1410","1410","1410","1.6121513843536377","1.6121513843536377","1.6121513843536377"
"161","1419","1419","1419","0.8452752828598022","0.8452752828598022","0.8452752828598022","1419","1419","1419","4.737515449523926","4.737515449523926","4.737515449523926","1419","1419","1419","1.6559873819351196","1.6559873819351196","1.6559873819351196","1419","1419","1419","1.2533886432647705","1.2533886432647705","1.2533886432647705","1419","1419","1419","1.6109389066696167","1.6109389066696167","1.6109389066696167"
"162","1427","1427","1427","0.8389835357666016","0.8389835357666016","0.8389835357666016","1427","1427","1427","4.279994487762451","4.279994487762451","4.279994487762451","1427","1427","1427","1.6655192375183105","1.6655192375183105","1.6655192375183105","1427","1427","1427","1.2522300481796265","1.2522300481796265","1.2522300481796265","1427","1427","1427","1.6096187829971313","1.6096187829971313","1.6096187829971313"
"163","1436","1436","1436","0.8396127223968506","0.8396127223968506","0.8396127223968506","1436","1436","1436","2.882780075073242","2.882780075073242","2.882780075073242","1436","1436","1436","1.6542457342147827","1.6542457342147827","1.6542457342147827","1436","1436","1436","1.2512491941452026","1.2512491941452026","1.2512491941452026","1436","1436","1436","1.6085443496704102","1.6085443496704102","1.6085443496704102"
"164","1445","1445","1445","0.8354817032814026","0.8354817032814026","0.8354817032814026","1445","1445","1445","3.8349359035491943","3.8349359035491943","3.8349359035491943","1445","1445","1445","1.6624810695648193","1.6624810695648193","1.6624810695648193","1445","1445","1445","1.250381350517273","1.250381350517273","1.250381350517273","1445","1445","1445","1.607377052307129","1.607377052307129","1.607377052307129"
"165","1454","1454","1454","0.8392071723937988","0.8392071723937988","0.8392071723937988","1454","1454","1454","3.088804006576538","3.088804006576538","3.088804006576538","1454","1454","1454","1.6517449617385864","1.6517449617385864","1.6517449617385864","1454","1454","1454","1.2491168975830078","1.2491168975830078","1.2491168975830078","1454","1454","1454","1.606126308441162","1.606126308441162","1.606126308441162"
"166","1463","1463","1463","0.837770938873291","0.837770938873291","0.837770938873291","1463","1463","1463","2.961284637451172","2.961284637451172","2.961284637451172","1463","1463","1463","1.6555207967758179","1.6555207967758179","1.6555207967758179","1463","1463","1463","1.2482507228851318","1.2482507228851318","1.2482507228851318","1463","1463","1463","1.6049531698226929","1.6049531698226929","1.6049531698226929"
"167","1471","1471","1471","0.8342341184616089","0.8342341184616089","0.8342341184616089","1471","1471","1471","2.7160067558288574","2.7160067558288574","2.7160067558288574","1471","1471","1471","1.6630479097366333","1.6630479097366333","1.6630479097366333","1471","1471","1471","1.2471590042114258","1.2471590042114258","1.2471590042114258","1471","1471","1471","1.6038269996643066","1.6038269996643066","1.6038269996643066"
"168","1480","1480","1480","0.8376005291938782","0.8376005291938782","0.8376005291938782","1480","1480","1480","6.6661200523376465","6.6661200523376465","6.6661200523376465","1480","1480","1480","1.6500804424285889","1.6500804424285889","1.6500804424285889","1480","1480","1480","1.2462396621704102","1.2462396621704102","1.2462396621704102","1480","1480","1480","1.6026277542114258","1.6026277542114258","1.6026277542114258"
"169","1489","1489","1489","0.8271324038505554","0.8271324038505554","0.8271324038505554","1489","1489","1489","5.359849452972412","5.359849452972412","5.359849452972412","1489","1489","1489","1.6493667364120483","1.6493667364120483","1.6493667364120483","1489","1489","1489","1.2454301118850708","1.2454301118850708","1.2454301118850708","1489","1489","1489","1.6014703512191772","1.6014703512191772","1.6014703512191772"
"170","1498","1498","1498","0.8292592167854309","0.8292592167854309","0.8292592167854309","1498","1498","1498","2.48030948638916","2.48030948638916","2.48030948638916","1498","1498","1498","1.6589595079421997","1.6589595079421997","1.6589595079421997","1498","1498","1498","1.2443419694900513","1.2443419694900513","1.2443419694900513","1498","1498","1498","1.6002929210662842","1.6002929210662842","1.6002929210662842"
"171","1507","1507","1507","0.8344759345054626","0.8344759345054626","0.8344759345054626","1507","1507","1507","2.3373305797576904","2.3373305797576904","2.3373305797576904","1507","1507","1507","1.6466795206069946","1.6466795206069946","1.6466795206069946","1507","1507","1507","1.243309736251831","1.243309736251831","1.243309736251831","1507","1507","1507","1.5991679430007935","1.5991679430007935","1.5991679430007935"
"172","1516","1516","1516","0.8254212737083435","0.8254212737083435","0.8254212737083435","1516","1516","1516","2.7831015586853027","2.7831015586853027","2.7831015586853027","1516","1516","1516","1.64320707321167","1.64320707321167","1.64320707321167","1516","1516","1516","1.2422281503677368","1.2422281503677368","1.2422281503677368","1516","1516","1516","1.5981338024139404","1.5981338024139404","1.5981338024139404"
"173","1524","1524","1524","0.8290940523147583","0.8290940523147583","0.8290940523147583","1524","1524","1524","3.920473337173462","3.920473337173462","3.920473337173462","1524","1524","1524","1.6566462516784668","1.6566462516784668","1.6566462516784668","1524","1524","1524","1.241508960723877","1.241508960723877","1.241508960723877","1524","1524","1524","1.5969336032867432","1.5969336032867432","1.5969336032867432"
"174","1533","1533","1533","0.822817325592041","0.822817325592041","0.822817325592041","1533","1533","1533","2.7124502658843994","2.7124502658843994","2.7124502658843994","1533","1533","1533","1.6631245613098145","1.6631245613098145","1.6631245613098145","1533","1533","1533","1.2404292821884155","1.2404292821884155","1.2404292821884155","1533","1533","1533","1.595719337463379","1.595719337463379","1.595719337463379"
"175","1542","1542","1542","0.8240379691123962","0.8240379691123962","0.8240379691123962","1542","1542","1542","2.3716793060302734","2.3716793060302734","2.3716793060302734","1542","1542","1542","1.6495004892349243","1.6495004892349243","1.6495004892349243","1542","1542","1542","1.2396302223205566","1.2396302223205566","1.2396302223205566","1542","1542","1542","1.5946214199066162","1.5946214199066162","1.5946214199066162"
"176","1551","1551","1551","0.8203334212303162","0.8203334212303162","0.8203334212303162","1551","1551","1551","2.907862424850464","2.907862424850464","2.907862424850464","1551","1551","1551","1.6491048336029053","1.6491048336029053","1.6491048336029053","1551","1551","1551","1.2386243343353271","1.2386243343353271","1.2386243343353271","1551","1551","1551","1.593479871749878","1.593479871749878","1.593479871749878"
"177","1560","1560","1560","0.8182871341705322","0.8182871341705322","0.8182871341705322","1560","1560","1560","2.738173723220825","2.738173723220825","2.738173723220825","1560","1560","1560","1.649324655532837","1.649324655532837","1.649324655532837","1560","1560","1560","1.2374356985092163","1.2374356985092163","1.2374356985092163","1560","1560","1560","1.5923265218734741","1.5923265218734741","1.5923265218734741"
"178","1568","1568","1568","0.8204548358917236","0.8204548358917236","0.8204548358917236","1568","1568","1568","3.5208544731140137","3.5208544731140137","3.5208544731140137","1568","1568","1568","1.6430573463439941","1.6430573463439941","1.6430573463439941","1568","1568","1568","1.2366375923156738","1.2366375923156738","1.2366375923156738","1568","1568","1568","1.5912925004959106","1.5912925004959106","1.5912925004959106"
"179","1577","1577","1577","0.8095894455909729","0.8095894455909729","0.8095894455909729","1577","1577","1577","2.4302010536193848","2.4302010536193848","2.4302010536193848","1577","1577","1577","1.6553337574005127","1.6553337574005127","1.6553337574005127","1577","1577","1577","1.2356809377670288","1.2356809377670288","1.2356809377670288","1577","1577","1577","1.5902949571609497","1.5902949571609497","1.5902949571609497"
"180","1586","1586","1586","0.8172341585159302","0.8172341585159302","0.8172341585159302","1586","1586","1586","2.6069483757019043","2.6069483757019043","2.6069483757019043","1586","1586","1586","1.6645931005477905","1.6645931005477905","1.6645931005477905","1586","1586","1586","1.2347708940505981","1.2347708940505981","1.2347708940505981","1586","1586","1586","1.5891883373260498","1.5891883373260498","1.5891883373260498"
"181","1595","1595","1595","0.8156293034553528","0.8156293034553528","0.8156293034553528","1595","1595","1595","4.198800563812256","4.198800563812256","4.198800563812256","1595","1595","1595","1.6458255052566528","1.6458255052566528","1.6458255052566528","1595","1595","1595","1.2336777448654175","1.2336777448654175","1.2336777448654175","1595","1595","1595","1.5879735946655273","1.5879735946655273","1.5879735946655273"
"182","1604","1604","1604","0.8116548657417297","0.8116548657417297","0.8116548657417297","1604","1604","1604","2.7319509983062744","2.7319509983062744","2.7319509983062744","1604","1604","1604","1.6511644124984741","1.6511644124984741","1.6511644124984741","1604","1604","1604","1.232922911643982","1.232922911643982","1.232922911643982","1604","1604","1604","1.587015986442566","1.587015986442566","1.587015986442566"
"183","1613","1613","1613","0.8106250762939453","0.8106250762939453","0.8106250762939453","1613","1613","1613","2.7652840614318848","2.7652840614318848","2.7652840614318848","1613","1613","1613","1.6509381532669067","1.6509381532669067","1.6509381532669067","1613","1613","1613","1.2320674657821655","1.2320674657821655","1.2320674657821655","1613","1613","1613","1.5859428644180298","1.5859428644180298","1.5859428644180298"
"184","1621","1621","1621","0.8090715408325195","0.8090715408325195","0.8090715408325195","1621","1621","1621","2.7194738388061523","2.7194738388061523","2.7194738388061523","1621","1621","1621","1.6524564027786255","1.6524564027786255","1.6524564027786255","1621","1621","1621","1.2311592102050781","1.2311592102050781","1.2311592102050781","1621","1621","1621","1.584818720817566","1.584818720817566","1.584818720817566"
"185","1630","1630","1630","0.8081677556037903","0.8081677556037903","0.8081677556037903","1630","1630","1630","3.129211902618408","3.129211902618408","3.129211902618408","1630","1630","1630","1.6469182968139648","1.6469182968139648","1.6469182968139648","1630","1630","1630","1.230265736579895","1.230265736579895","1.230265736579895","1630","1630","1630","1.583703875541687","1.583703875541687","1.583703875541687"
"186","1639","1639","1639","0.8069556951522827","0.8069556951522827","0.8069556951522827","1639","1639","1639","3.234365224838257","3.234365224838257","3.234365224838257","1639","1639","1639","1.6432839632034302","1.6432839632034302","1.6432839632034302","1639","1639","1639","1.2289668321609497","1.2289668321609497","1.2289668321609497","1639","1639","1639","1.582834243774414","1.582834243774414","1.582834243774414"
"187","1648","1648","1648","0.801892101764679","0.801892101764679","0.801892101764679","1648","1648","1648","2.938218355178833","2.938218355178833","2.938218355178833","1648","1648","1648","1.6427271366119385","1.6427271366119385","1.6427271366119385","1648","1648","1648","1.2284724712371826","1.2284724712371826","1.2284724712371826","1648","1648","1648","1.5816845893859863","1.5816845893859863","1.5816845893859863"
"188","1657","1657","1657","0.8039233088493347","0.8039233088493347","0.8039233088493347","1657","1657","1657","3.0336434841156006","3.0336434841156006","3.0336434841156006","1657","1657","1657","1.6566195487976074","1.6566195487976074","1.6566195487976074","1657","1657","1657","1.2273672819137573","1.2273672819137573","1.2273672819137573","1657","1657","1657","1.5805381536483765","1.5805381536483765","1.5805381536483765"
"189","1665","1665","1665","0.8038884401321411","0.8038884401321411","0.8038884401321411","1665","1665","1665","3.4286649227142334","3.4286649227142334","3.4286649227142334","1665","1665","1665","1.6564881801605225","1.6564881801605225","1.6564881801605225","1665","1665","1665","1.226642370223999","1.226642370223999","1.226642370223999","1665","1665","1665","1.5794832706451416","1.5794832706451416","1.5794832706451416"
"190","1674","1674","1674","0.801314115524292","0.801314115524292","0.801314115524292","1674","1674","1674","2.6717722415924072","2.6717722415924072","2.6717722415924072","1674","1674","1674","1.6422920227050781","1.6422920227050781","1.6422920227050781","1674","1674","1674","1.2254095077514648","1.2254095077514648","1.2254095077514648","1674","1674","1674","1.5785870552062988","1.5785870552062988","1.5785870552062988"
"191","1683","1683","1683","0.8002989292144775","0.8002989292144775","0.8002989292144775","1683","1683","1683","2.9154000282287598","2.9154000282287598","2.9154000282287598","1683","1683","1683","1.6524035930633545","1.6524035930633545","1.6524035930633545","1683","1683","1683","1.2248280048370361","1.2248280048370361","1.2248280048370361","1683","1683","1683","1.5774195194244385","1.5774195194244385","1.5774195194244385"
"192","1692","1692","1692","0.8024349212646484","0.8024349212646484","0.8024349212646484","1692","1692","1692","3.275676965713501","3.275676965713501","3.275676965713501","1692","1692","1692","1.6519763469696045","1.6519763469696045","1.6519763469696045","1692","1692","1692","1.2240135669708252","1.2240135669708252","1.2240135669708252","1692","1692","1692","1.5766265392303467","1.5766265392303467","1.5766265392303467"
"193","1701","1701","1701","0.8013715744018555","0.8013715744018555","0.8013715744018555","1701","1701","1701","2.9624671936035156","2.9624671936035156","2.9624671936035156","1701","1701","1701","1.6426117420196533","1.6426117420196533","1.6426117420196533","1701","1701","1701","1.2229243516921997","1.2229243516921997","1.2229243516921997","1701","1701","1701","1.5755126476287842","1.5755126476287842","1.5755126476287842"
"194","1710","1710","1710","0.7949914932250977","0.7949914932250977","0.7949914932250977","1710","1710","1710","3.0713047981262207","3.0713047981262207","3.0713047981262207","1710","1710","1710","1.6484400033950806","1.6484400033950806","1.6484400033950806","1710","1710","1710","1.2219702005386353","1.2219702005386353","1.2219702005386353","1710","1710","1710","1.57442045211792","1.57442045211792","1.57442045211792"
"195","1718","1718","1718","0.792333722114563","0.792333722114563","0.792333722114563","1718","1718","1718","3.4340832233428955","3.4340832233428955","3.4340832233428955","1718","1718","1718","1.6509305238723755","1.6509305238723755","1.6509305238723755","1718","1718","1718","1.2210053205490112","1.2210053205490112","1.2210053205490112","1718","1718","1718","1.5734907388687134","1.5734907388687134","1.5734907388687134"
"196","1727","1727","1727","0.7921430468559265","0.7921430468559265","0.7921430468559265","1727","1727","1727","2.933924674987793","2.933924674987793","2.933924674987793","1727","1727","1727","1.6448454856872559","1.6448454856872559","1.6448454856872559","1727","1727","1727","1.2202959060668945","1.2202959060668945","1.2202959060668945","1727","1727","1727","1.5724029541015625","1.5724029541015625","1.5724029541015625"
"197","1736","1736","1736","0.7975378036499023","0.7975378036499023","0.7975378036499023","1736","1736","1736","2.8069839477539062","2.8069839477539062","2.8069839477539062","1736","1736","1736","1.6470903158187866","1.6470903158187866","1.6470903158187866","1736","1736","1736","1.2194950580596924","1.2194950580596924","1.2194950580596924","1736","1736","1736","1.5713646411895752","1.5713646411895752","1.5713646411895752"
"198","1745","1745","1745","0.7936934232711792","0.7936934232711792","0.7936934232711792","1745","1745","1745","3.030695676803589","3.030695676803589","3.030695676803589","1745","1745","1745","1.6525050401687622","1.6525050401687622","1.6525050401687622","1745","1745","1745","1.2185810804367065","1.2185810804367065","1.2185810804367065","1745","1745","1745","1.5703719854354858","1.5703719854354858","1.5703719854354858"
"199","1754","1754","1754","0.7933969497680664","0.7933969497680664","0.7933969497680664","1754","1754","1754","5.132588863372803","5.132588863372803","5.132588863372803","1754","1754","1754","1.64133620262146","1.64133620262146","1.64133620262146","1754","1754","1754","1.2175565958023071","1.2175565958023071","1.2175565958023071","1754","1754","1754","1.5694143772125244","1.5694143772125244","1.5694143772125244"
"200","1763","1763","1763","0.7837126851081848","0.7837126851081848","0.7837126851081848","1763","1763","1763","4.10967493057251","4.10967493057251","4.10967493057251","1763","1763","1763","1.653734803199768","1.653734803199768","1.653734803199768","1763","1763","1763","1.2167717218399048","1.2167717218399048","1.2167717218399048","1763","1763","1763","1.5683887004852295","1.5683887004852295","1.5683887004852295"